survey_name,profile_name,year,date,n_cells,mesh_total_cells,percent_used,span_x,span_z,span_xy,surface_m2,weighted_mean_rho,median_rho,std_rho
CH_DOL_H01_2015-09-29_01,CH_DOL_H01,2015,2015-09-29,76,1731,4.39052570768342,111.92592130520148,26.13787779107254,114.9373764945033,2847.284146051537,150421.70106670176,123396.88622335249,68101.64683557805
CH_DOL_V01_2016-08-11_01,CH_DOL_V01,2016,2016-08-11,31,877,3.5347776510832385,53.81293617924807,15.4213782335724,55.97902291800676,686.2309058533956,459449.80601816735,436806.7072245152,136591.6831540331
IT_CER_CB1_2013-08-16_01,IT_CER_CB1,2013,2013-08-16,34,746,4.557640750670242,45.805318911064646,6.931581201673019,46.32681791899508,81.12887678593003,25712.240030569345,25036.316742682127,3979.999239531246
IT_CER_CB1_2013-10-09_01,IT_CER_CB1,2013,2013-10-09,47,746,6.3002680965147455,34.834779311467926,7.721600631410411,35.68031622603241,152.31355115884506,33628.055582389825,31897.75544517292,7882.698085217736
IT_CER_CB1_2014-09-14_01,IT_CER_CB1,2014,2014-09-14,85,746,11.394101876675602,50.59663647611215,13.342104957299965,52.32620172903295,459.3805943377127,21741.482543665577,20994.84433704016,2737.9628324327014
IT_CER_CB1_2015-07-21_01,IT_CER_CB1,2015,2015-07-21,72,746,9.6514745308311,47.926155317139205,13.984488985820574,49.92476635575861,419.654558795674,25454.91837518457,25231.47277495612,3780.5706828191423
IT_CER_CB1_2015-08-20_01,IT_CER_CB1,2015,2015-08-20,33,746,4.423592493297587,24.899123360882168,9.453414935127627,26.633313689365096,213.4546534123106,27536.765076614032,26999.57523897884,4855.777928011077
IT_CER_CB1_2016-08-24_01,IT_CER_CB1,2016,2016-08-24,74,746,9.919571045576408,56.56142601006131,15.020429250182122,58.52186093376873,441.9018460338322,21519.841146584764,21533.90422311829,2740.7626265727176
IT_CER_CB1_2018-08-23_01,IT_CER_CB1,2018,2018-08-23,62,746,8.310991957104557,44.61981928032724,13.342104957299965,46.5718803281623,382.9085988958541,22290.15499686197,22176.647798577927,3169.9629520726035
IT_CER_CB1_2021-08-23_01,IT_CER_CB1,2021,2021-08-23,81,746,10.857908847184987,53.71407451746009,15.171098706732352,55.81544622446973,447.9544962292167,19439.935357926668,19160.31649940675,2088.222402210064
CH_ATT_MV1_2022-10-07_01,CH_ATT_MV1,2022,2022-10-07,180,762,23.62204724409449,85.91056890677537,48.44188764319317,98.62678301719848,1645.696345105145,24283.821240551584,24439.802946374904,3336.150983979811
CH_ATT_MV1_2021-09-24_01,CH_ATT_MV1,2021,2021-09-24,176,762,23.097112860892388,85.91056890677537,47.56451990046338,98.19882587509576,1557.068184197618,25130.42560862433,25525.72684811952,4181.066974161987
CH_ATT_MV1_2020-09-22_01,CH_ATT_MV1,2020,2020-09-22,38,762,4.986876640419948,42.609542676720096,19.026969832397995,46.66474802377287,175.43631616760902,53608.46418942847,42246.08717521344,21477.20979028401
CH_ATT_MV1_2019-09-17_01,CH_ATT_MV1,2019,2019-09-17,146,762,19.16010498687664,84.31824405810913,45.576215914842166,95.84757554658944,1010.6112658365842,30416.89690552614,27616.39033415113,7232.813213657636
CH_ATT_MV1_2018-10-15_01,CH_ATT_MV1,2018,2018-10-15,87,762,11.417322834645669,80.3379623749254,38.02825028623969,88.88383440416945,581.3244558787281,38271.72437398334,38186.55051884129,9430.650186907942
CH_ATT_MV1_2017-09-25_01,CH_ATT_MV1,2017,2017-09-25,180,762,23.62204724409449,85.91056890677537,48.44188764319317,98.62678301719848,1645.696345105145,26489.12556181877,26491.743507805884,4349.317200273271
CH_ATT_MV1_2016-09-23_01,CH_ATT_MV1,2016,2016-09-23,182,762,23.88451443569554,91.96079070474778,47.56451990046338,103.53342735756412,1744.8004036464056,24546.23740627272,25301.0376359462,3847.735224284872
CH_ATT_MV1_2014-09-30_01,CH_ATT_MV1,2014,2014-09-30,52,762,6.824146981627297,48.719573082476174,19.655036272215145,52.5349146016326,324.900712095185,38912.38204886811,36771.63957297824,9219.65221592478
CH_ATT_MV1_2010-07-14_01,CH_ATT_MV1,2010,2010-07-14,140,762,18.37270341207349,80.93724101331388,39.90877661090229,90.24160588900313,1025.2299361651603,41923.71963673112,39198.62590199092,14652.167046946231
CH_ATT_MV1_2008-11-10_01,CH_ATT_MV1,2008,2008-11-10,151,762,19.816272965879264,85.87234539585494,41.21804676622169,95.25222875611595,1169.3893179007373,34641.89562164058,33435.02760549792,8020.6168418572515
CH_ATT_MV1_2008-07-16_01,CH_ATT_MV1,2008,2008-07-16,173,762,22.703412073490814,85.91056890677537,47.56451990046338,98.19882587509576,1418.4494350964771,37292.47667433145,37266.11238344227,7809.135155915378
CH_ATT_MV1_2007-08-25_01,CH_ATT_MV1,2007,2007-08-25,72,762,9.448818897637794,37.60339390343651,19.995112717188448,42.58896295556018,512.7233569933944,46087.02305428201,42803.26196962892,13040.083202735486
CH_STT_S07_2019-09-12_01,CH_STT_S07,2019,2019-09-12,12,543,2.209944751381216,10.019239997403927,2.30513560308814,10.280993156023555,24.28499377251584,53377.20510752941,50349.96616943256,23248.890633221552
CH_DOL_H01_2015-09-29_01,CH_DOL_H01,2015,2015-09-29,76,1731,4.39052570768342,111.92592130520148,26.13787779107254,114.9373764945033,2847.284146051537,150421.70106670176,123396.88622335249,68101.64683557805
CH_DOL_V01_2016-08-11_01,CH_DOL_V01,2016,2016-08-11,31,877,3.5347776510832385,53.81293617924807,15.4213782335724,55.97902291800676,686.2309058533956,459449.80601816735,436806.7072245152,136591.6831540331
IT_CER_CB1_2013-08-16_01,IT_CER_CB1,2013,2013-08-16,34,746,4.557640750670242,45.805318911064646,6.931581201673019,46.32681791899508,81.12887678593003,25712.240030569345,25036.316742682127,3979.999239531246
IT_CER_CB1_2013-10-09_01,IT_CER_CB1,2013,2013-10-09,47,746,6.3002680965147455,34.834779311467926,7.721600631410411,35.68031622603241,152.31355115884506,33628.055582389825,31897.75544517292,7882.698085217736
IT_CER_CB1_2014-09-14_01,IT_CER_CB1,2014,2014-09-14,85,746,11.394101876675602,50.59663647611215,13.342104957299965,52.32620172903295,459.3805943377127,21741.482543665577,20994.84433704016,2737.9628324327014
IT_CER_CB1_2015-07-21_01,IT_CER_CB1,2015,2015-07-21,72,746,9.6514745308311,47.926155317139205,13.984488985820574,49.92476635575861,419.654558795674,25454.91837518457,25231.47277495612,3780.5706828191423
IT_CER_CB1_2015-08-20_01,IT_CER_CB1,2015,2015-08-20,33,746,4.423592493297587,24.899123360882168,9.453414935127627,26.633313689365096,213.4546534123106,27536.765076614032,26999.57523897884,4855.777928011077
IT_CER_CB1_2016-08-24_01,IT_CER_CB1,2016,2016-08-24,74,746,9.919571045576408,56.56142601006131,15.020429250182122,58.52186093376873,441.9018460338322,21519.841146584764,21533.90422311829,2740.7626265727176
IT_CER_CB1_2018-08-23_01,IT_CER_CB1,2018,2018-08-23,62,746,8.310991957104557,44.61981928032724,13.342104957299965,46.5718803281623,382.9085988958541,22290.15499686197,22176.647798577927,3169.9629520726035
IT_CER_CB1_2021-08-23_01,IT_CER_CB1,2021,2021-08-23,81,746,10.857908847184987,53.71407451746009,15.171098706732352,55.81544622446973,447.9544962292167,19439.935357926668,19160.31649940675,2088.222402210064
CH_ATT_MV1_2022-10-07_01,CH_ATT_MV1,2022,2022-10-07,180,762,23.62204724409449,85.91056890677537,48.44188764319317,98.62678301719848,1645.696345105145,24283.821240551584,24439.802946374904,3336.150983979811
CH_ATT_MV1_2021-09-24_01,CH_ATT_MV1,2021,2021-09-24,176,762,23.097112860892388,85.91056890677537,47.56451990046338,98.19882587509576,1557.068184197618,25130.42560862433,25525.72684811952,4181.066974161987
CH_ATT_MV1_2020-09-22_01,CH_ATT_MV1,2020,2020-09-22,38,762,4.986876640419948,42.609542676720096,19.026969832397995,46.66474802377287,175.43631616760902,53608.46418942847,42246.08717521344,21477.20979028401
CH_ATT_MV1_2019-09-17_01,CH_ATT_MV1,2019,2019-09-17,146,762,19.16010498687664,84.31824405810913,45.576215914842166,95.84757554658944,1010.6112658365842,30416.89690552614,27616.39033415113,7232.813213657636
CH_ATT_MV1_2018-10-15_01,CH_ATT_MV1,2018,2018-10-15,87,762,11.417322834645669,80.3379623749254,38.02825028623969,88.88383440416945,581.3244558787281,38271.72437398334,38186.55051884129,9430.650186907942
CH_ATT_MV1_2017-09-25_01,CH_ATT_MV1,2017,2017-09-25,180,762,23.62204724409449,85.91056890677537,48.44188764319317,98.62678301719848,1645.696345105145,26489.12556181877,26491.743507805884,4349.317200273271
CH_ATT_MV1_2016-09-23_01,CH_ATT_MV1,2016,2016-09-23,182,762,23.88451443569554,91.96079070474778,47.56451990046338,103.53342735756412,1744.8004036464056,24546.23740627272,25301.0376359462,3847.735224284872
CH_ATT_MV1_2014-09-30_01,CH_ATT_MV1,2014,2014-09-30,52,762,6.824146981627297,48.719573082476174,19.655036272215145,52.5349146016326,324.900712095185,38912.38204886811,36771.63957297824,9219.65221592478
CH_ATT_MV1_2010-07-14_01,CH_ATT_MV1,2010,2010-07-14,140,762,18.37270341207349,80.93724101331388,39.90877661090229,90.24160588900313,1025.2299361651603,41923.71963673112,39198.62590199092,14652.167046946231
CH_ATT_MV1_2008-11-10_01,CH_ATT_MV1,2008,2008-11-10,151,762,19.816272965879264,85.87234539585494,41.21804676622169,95.25222875611595,1169.3893179007373,34641.89562164058,33435.02760549792,8020.6168418572515
CH_ATT_MV1_2008-07-16_01,CH_ATT_MV1,2008,2008-07-16,173,762,22.703412073490814,85.91056890677537,47.56451990046338,98.19882587509576,1418.4494350964771,37292.47667433145,37266.11238344227,7809.135155915378
CH_ATT_MV1_2007-08-25_01,CH_ATT_MV1,2007,2007-08-25,72,762,9.448818897637794,37.60339390343651,19.995112717188448,42.58896295556018,512.7233569933944,46087.02305428201,42803.26196962892,13040.083202735486
CH_STT_S07_2019-09-12_01,CH_STT_S07,2019,2019-09-12,12,543,2.209944751381216,10.019239997403927,2.30513560308814,10.280993156023555,24.28499377251584,53377.20510752941,50349.96616943256,23248.890633221552
CH_DOL_H01_2015-09-29_01,CH_DOL_H01,2015,2015-09-29,87,1731,5.025996533795494,230.55728961390523,21.65449920988968,231.5719782921528,3487.2154928926566,129047.65209044635,108891.82942207446,76559.22543006639
CH_DOL_V01_2016-08-11_01,CH_DOL_V01,2016,2016-08-11,29,877,3.30672748004561,53.13499532473304,13.475318560189397,54.81707706963211,666.8176988271289,412229.007578242,413026.3871780548,157814.2304226152
IT_CER_CB1_2013-08-16_01,IT_CER_CB1,2013,2013-08-16,82,746,10.99195710455764,53.34754745145278,7.904419007339481,53.92996067983543,262.2561850066589,24504.407037225938,22956.56231689732,5240.039686036743
IT_CER_CB1_2013-10-09_01,IT_CER_CB1,2013,2013-10-09,67,746,8.981233243967829,42.79109884998924,8.032726885206412,43.53852135755035,202.4056530630639,28919.4002667858,26873.4317691618,9586.86992508784
IT_CER_CB1_2014-09-14_01,IT_CER_CB1,2014,2014-09-14,116,746,15.549597855227882,80.49343242769822,13.402655278807597,81.60161660478896,492.8733175230623,19833.97552205088,19272.456314747244,3677.504395041984
IT_CER_CB1_2015-07-21_01,IT_CER_CB1,2015,2015-07-21,112,746,15.013404825737265,74.80909727784956,15.79173254485121,76.457699758068,530.0819760116458,21999.60162888633,20507.235456927163,4813.829130797208
IT_CER_CB1_2015-08-20_01,IT_CER_CB1,2015,2015-08-20,74,746,9.919571045576408,47.00724624604515,12.96185296583108,48.76157126205174,373.3980513942664,21483.42281771475,19810.336289725183,5550.461380023915
IT_CER_CB1_2016-08-24_01,IT_CER_CB1,2016,2016-08-24,109,746,14.611260053619302,64.51439428701114,13.954983504653324,66.00642873868486,511.49081828752287,19370.69650544982,18220.046406673824,3486.154259856911
IT_CER_CB1_2018-08-23_01,IT_CER_CB1,2018,2018-08-23,99,746,13.27077747989276,80.669116170039,16.32451337141941,82.3042893199917,531.5039163738593,19284.09129155591,18580.678372237835,3958.92091201577
IT_CER_CB1_2021-08-23_01,IT_CER_CB1,2021,2021-08-23,110,746,14.745308310991955,59.23190716903426,13.49115514116275,60.74891022828322,496.2377015936454,17862.973725966553,17583.737713023744,2676.5647733282585
CH_ATT_MV1_2022-10-07_01,CH_ATT_MV1,2022,2022-10-07,178,762,23.35958005249344,98.91032222109028,45.576215914842166,108.90566238261542,1620.6575335992402,24071.018786022003,24510.99881287833,3921.229543550821
CH_ATT_MV1_2021-09-24_01,CH_ATT_MV1,2021,2021-09-24,177,762,23.228346456692915,98.91032222109028,45.042529690043565,108.68339948105395,1610.7997480444496,24767.09486451565,25511.03352153057,4753.681093816702
CH_ATT_MV1_2020-09-22_01,CH_ATT_MV1,2020,2020-09-22,108,762,14.173228346456693,81.69057710956653,42.16924379656253,91.93255957966124,715.8124777084794,37185.38155146837,27289.033133558456,20313.8068990054
CH_ATT_MV1_2019-09-17_01,CH_ATT_MV1,2019,2019-09-17,148,762,19.42257217847769,85.87234539585494,41.85463412184838,95.5294200822909,1190.1346829752315,29167.09523745977,26849.57313413472,7987.552489321342
CH_ATT_MV1_2018-10-15_01,CH_ATT_MV1,2018,2018-10-15,111,762,14.566929133858268,80.3379623749254,35.91301400784094,87.99961803145686,757.6235320724804,33121.93809944853,30732.49786204374,11791.181421147292
CH_ATT_MV1_2017-09-25_01,CH_ATT_MV1,2017,2017-09-25,177,762,23.228346456692915,98.91032222109028,45.042529690043565,108.68339948105395,1610.7997480444496,26348.813558102232,26754.38391577578,4801.442140513738
CH_ATT_MV1_2016-09-23_01,CH_ATT_MV1,2016,2016-09-23,185,762,24.27821522309712,103.4102832789614,46.62271010419118,113.43440300585398,1694.3319687194785,23885.50434211026,24888.53844759476,4900.173317919831
CH_ATT_MV1_2014-09-30_01,CH_ATT_MV1,2014,2014-09-30,79,762,10.36745406824147,60.14775640638963,21.38409139304688,63.83597704608716,530.3975721161263,33833.45460229927,35044.70904321194,12541.69002610238
CH_ATT_MV1_2010-07-14_01,CH_ATT_MV1,2010,2010-07-14,151,762,19.816272965879264,88.72573654134888,42.28751082247927,98.28779118672956,1217.7382205465374,40110.99076034262,37652.29090555736,17238.12239997937
CH_ATT_MV1_2008-11-10_01,CH_ATT_MV1,2008,2008-11-10,155,762,20.341207349081365,85.91056890677537,41.97290114776512,95.61563826407196,1241.3732665068949,33395.70962279051,33235.09563361534,8969.030646098268
CH_ATT_MV1_2008-07-16_01,CH_ATT_MV1,2008,2008-07-16,172,762,22.57217847769029,88.72573654134888,45.09755801373219,99.52912168610146,1535.0801673698709,36831.67465050554,37075.6929254102,8347.513548003177
CH_ATT_MV1_2007-08-25_01,CH_ATT_MV1,2007,2007-08-25,128,762,16.79790026246719,85.87234539585494,41.777129014592205,95.4954879169005,854.2011825337829,37807.92911889221,32971.58977918417,14209.66809095726
CH_STT_S07_2019-09-12_01,CH_STT_S07,2019,2019-09-12,0,543,0.0,0.0,0.0,0.0,0.0,,,
CH_DOL_H01_2015-09-29_01,CH_DOL_H01,2015,2015-09-29,297,1731,17.157712305025996,529.9138307089863,46.82932278929377,531.9789971884004,14079.84290653778,62317.38147819456,31415.55519190013,64035.47680229785
CH_DOL_V01_2016-08-11_01,CH_DOL_V01,2016,2016-08-11,159,877,18.129988597491447,185.3396278008735,56.71363178070919,193.8226345479913,4144.457677375439,220234.0071509198,129385.98201971131,205480.7513013037
IT_CER_CB1_2013-08-16_01,IT_CER_CB1,2013,2013-08-16,223,746,29.89276139410188,86.04644426553007,21.24833373661814,88.63115850153194,1103.1560593572003,19719.786328122573,17761.759098290706,6312.793029325582
IT_CER_CB1_2013-10-09_01,IT_CER_CB1,2013,2013-10-09,204,746,27.345844504021446,86.04644426553007,21.24833373661814,88.63115850153194,979.924100864812,19627.37008273727,15248.576901790197,10323.874845766586
IT_CER_CB1_2014-09-14_01,IT_CER_CB1,2014,2014-09-14,219,746,29.35656836461126,86.6910316348731,20.713393422400188,89.13124947508422,1101.9063009391512,17724.75901368096,16883.88430775829,4708.88601936067
IT_CER_CB1_2015-07-21_01,IT_CER_CB1,2015,2015-07-21,222,746,29.758713136729224,86.6910316348731,19.634889507311627,88.88680358682555,1121.6309305945822,19318.76385128345,17255.721062128905,5899.63237666123
IT_CER_CB1_2015-08-20_01,IT_CER_CB1,2015,2015-08-20,201,746,26.94369973190349,86.04644426553007,20.611993522873625,88.48075976011935,1125.0244336539834,17565.209889196693,14994.123320789982,6458.344391595087
IT_CER_CB1_2016-08-24_01,IT_CER_CB1,2016,2016-08-24,216,746,28.9544235924933,86.6910316348731,19.634889507311627,88.88680358682555,1109.1994384099044,17196.34962003277,15868.045550530069,4452.090328522422
IT_CER_CB1_2018-08-23_01,IT_CER_CB1,2018,2018-08-23,218,746,29.222520107238605,86.6910316348731,19.634889507311627,88.88680358682555,1116.9279355351898,16893.360314719048,15174.381888254276,4986.443798180952
IT_CER_CB1_2021-08-23_01,IT_CER_CB1,2021,2021-08-23,190,746,25.469168900804288,83.64216468211973,20.1029335118946,86.0240643569838,975.7518225226944,16262.559309254197,15804.835022051648,3902.19565757174
CH_ATT_MV1_2022-10-07_01,CH_ATT_MV1,2022,2022-10-07,259,762,33.98950131233596,131.02366719613713,69.82872232877351,148.46970003200337,3597.9374735507035,19296.38154415724,23120.43968455368,7688.128837696679
CH_ATT_MV1_2021-09-24_01,CH_ATT_MV1,2021,2021-09-24,254,762,33.333333333333336,131.02366719613713,68.80984960847877,147.99323217183132,3535.092409429052,19944.27975796073,22664.10695924125,8098.056295472127
CH_ATT_MV1_2020-09-22_01,CH_ATT_MV1,2020,2020-09-22,226,762,29.658792650918635,119.24399697361903,65.96858788667596,136.27540277690085,2937.9553586232378,26790.07251857304,21687.81457892789,18619.135442042585
CH_ATT_MV1_2019-09-17_01,CH_ATT_MV1,2019,2019-09-17,218,762,28.60892388451444,123.27763001211513,57.37016758088801,135.9731965854415,2485.563071432396,24742.65487384899,25200.094032073823,9923.942899705877
CH_ATT_MV1_2018-10-15_01,CH_ATT_MV1,2018,2018-10-15,231,762,30.31496062992126,121.68530516344887,62.189288936745896,136.65584931198424,3352.8983412838143,25093.95295775949,22605.70807330312,13593.030095691218
CH_ATT_MV1_2017-09-25_01,CH_ATT_MV1,2017,2017-09-25,253,762,33.202099737532805,124.16057229519704,68.80984960847877,141.95296092654186,3364.449661499542,21335.830155953,24852.68547593964,8428.669403426606
CH_ATT_MV1_2016-09-23_01,CH_ATT_MV1,2016,2016-09-23,270,762,35.43307086614173,148.92795417201242,68.87068089253576,164.0814012021549,4149.266900406334,18880.074820235044,22406.47114735484,8504.251322416298
CH_ATT_MV1_2014-09-30_01,CH_ATT_MV1,2014,2014-09-30,221,762,29.00262467191601,109.27101639128276,55.27204565899695,122.45470205146977,2430.5484426547573,26313.04234141309,22652.281657236166,17996.66214721625
CH_ATT_MV1_2010-07-14_01,CH_ATT_MV1,2010,2010-07-14,236,762,30.971128608923884,130.93991814717177,59.012320802158825,143.6235223452097,3144.886754812213,32212.21706501325,33490.03519256989,21004.28310862204
CH_ATT_MV1_2008-11-10_01,CH_ATT_MV1,2008,2008-11-10,252,762,33.07086614173228,124.16057229519704,69.47236696082567,142.27528767783417,3560.6334278608115,25279.469491177184,28433.89575516039,12500.807108210582
CH_ATT_MV1_2008-07-16_01,CH_ATT_MV1,2008,2008-07-16,239,762,31.36482939632545,124.07682324623168,61.85358252396164,138.6395460823684,3141.31770351984,29702.76880510101,33340.04528433284,13076.936002959676
CH_ATT_MV1_2007-08-25_01,CH_ATT_MV1,2007,2007-08-25,208,762,27.296587926509183,118.36105469053712,51.7703633693774,129.18788561956455,2629.8886342795986,32491.201184669306,28212.24106308184,19048.463592103733
CH_STT_S07_2019-09-12_01,CH_STT_S07,2019,2019-09-12,73,543,13.443830570902394,34.19129244212934,19.866600185770828,39.54397908410938,203.5432107979589,36806.13732973759,33367.25801399271,22733.162292691144
CH_DOL_H01_2015-09-29_01,CH_DOL_H01,2015,2015-09-29,297,1731,17.157712305025996,529.9138307089863,46.82932278929377,531.9789971884004,14079.84290653778,62317.38147819456,31415.55519190013,64035.47680229785
CH_DOL_V01_2016-08-11_01,CH_DOL_V01,2016,2016-08-11,159,877,18.129988597491447,185.3396278008735,56.71363178070919,193.8226345479913,4144.457677375439,220234.0071509198,129385.98201971131,205480.7513013037
IT_CER_CB1_2013-08-16_01,IT_CER_CB1,2013,2013-08-16,223,746,29.89276139410188,86.04644426553007,21.24833373661814,88.63115850153194,1103.1560593572003,19719.786328122573,17761.759098290706,6312.793029325582
IT_CER_CB1_2013-10-09_01,IT_CER_CB1,2013,2013-10-09,204,746,27.345844504021446,86.04644426553007,21.24833373661814,88.63115850153194,979.924100864812,19627.37008273727,15248.576901790197,10323.874845766586
IT_CER_CB1_2014-09-14_01,IT_CER_CB1,2014,2014-09-14,219,746,29.35656836461126,86.6910316348731,20.713393422400188,89.13124947508422,1101.9063009391512,17724.75901368096,16883.88430775829,4708.88601936067
IT_CER_CB1_2015-07-21_01,IT_CER_CB1,2015,2015-07-21,222,746,29.758713136729224,86.6910316348731,19.634889507311627,88.88680358682555,1121.6309305945822,19318.76385128345,17255.721062128905,5899.63237666123
IT_CER_CB1_2015-08-20_01,IT_CER_CB1,2015,2015-08-20,201,746,26.94369973190349,86.04644426553007,20.611993522873625,88.48075976011935,1125.0244336539834,17565.209889196693,14994.123320789982,6458.344391595087
IT_CER_CB1_2016-08-24_01,IT_CER_CB1,2016,2016-08-24,216,746,28.9544235924933,86.6910316348731,19.634889507311627,88.88680358682555,1109.1994384099044,17196.34962003277,15868.045550530069,4452.090328522422
IT_CER_CB1_2018-08-23_01,IT_CER_CB1,2018,2018-08-23,218,746,29.222520107238605,86.6910316348731,19.634889507311627,88.88680358682555,1116.9279355351898,16893.360314719048,15174.381888254276,4986.443798180952
IT_CER_CB1_2021-08-23_01,IT_CER_CB1,2021,2021-08-23,190,746,25.469168900804288,83.64216468211973,20.1029335118946,86.0240643569838,975.7518225226944,16262.559309254197,15804.835022051648,3902.19565757174
CH_ATT_MV1_2022-10-07_01,CH_ATT_MV1,2022,2022-10-07,259,762,33.98950131233596,131.02366719613713,69.82872232877351,148.46970003200337,3597.9374735507035,19296.38154415724,23120.43968455368,7688.128837696679
CH_ATT_MV1_2021-09-24_01,CH_ATT_MV1,2021,2021-09-24,254,762,33.333333333333336,131.02366719613713,68.80984960847877,147.99323217183132,3535.092409429052,19944.27975796073,22664.10695924125,8098.056295472127
CH_ATT_MV1_2020-09-22_01,CH_ATT_MV1,2020,2020-09-22,226,762,29.658792650918635,119.24399697361903,65.96858788667596,136.27540277690085,2937.9553586232378,26790.07251857304,21687.81457892789,18619.135442042585
CH_ATT_MV1_2019-09-17_01,CH_ATT_MV1,2019,2019-09-17,218,762,28.60892388451444,123.27763001211513,57.37016758088801,135.9731965854415,2485.563071432396,24742.65487384899,25200.094032073823,9923.942899705877
CH_ATT_MV1_2018-10-15_01,CH_ATT_MV1,2018,2018-10-15,231,762,30.31496062992126,121.68530516344887,62.189288936745896,136.65584931198424,3352.8983412838143,25093.95295775949,22605.70807330312,13593.030095691218
CH_ATT_MV1_2017-09-25_01,CH_ATT_MV1,2017,2017-09-25,253,762,33.202099737532805,124.16057229519704,68.80984960847877,141.95296092654186,3364.449661499542,21335.830155953,24852.68547593964,8428.669403426606
CH_ATT_MV1_2016-09-23_01,CH_ATT_MV1,2016,2016-09-23,270,762,35.43307086614173,148.92795417201242,68.87068089253576,164.0814012021549,4149.266900406334,18880.074820235044,22406.47114735484,8504.251322416298
CH_ATT_MV1_2014-09-30_01,CH_ATT_MV1,2014,2014-09-30,221,762,29.00262467191601,109.27101639128276,55.27204565899695,122.45470205146977,2430.5484426547573,26313.04234141309,22652.281657236166,17996.66214721625
CH_ATT_MV1_2010-07-14_01,CH_ATT_MV1,2010,2010-07-14,236,762,30.971128608923884,130.93991814717177,59.012320802158825,143.6235223452097,3144.886754812213,32212.21706501325,33490.03519256989,21004.28310862204
CH_ATT_MV1_2008-11-10_01,CH_ATT_MV1,2008,2008-11-10,252,762,33.07086614173228,124.16057229519704,69.47236696082567,142.27528767783417,3560.6334278608115,25279.469491177184,28433.89575516039,12500.807108210582
CH_ATT_MV1_2008-07-16_01,CH_ATT_MV1,2008,2008-07-16,239,762,31.36482939632545,124.07682324623168,61.85358252396164,138.6395460823684,3141.31770351984,29702.76880510101,33340.04528433284,13076.936002959676
CH_ATT_MV1_2007-08-25_01,CH_ATT_MV1,2007,2007-08-25,208,762,27.296587926509183,118.36105469053712,51.7703633693774,129.18788561956455,2629.8886342795986,32491.201184669306,28212.24106308184,19048.463592103733
CH_STT_S07_2019-09-12_01,CH_STT_S07,2019,2019-09-12,73,543,13.443830570902394,34.19129244212934,19.866600185770828,39.54397908410938,203.5432107979589,36806.13732973759,33367.25801399271,22733.162292691144
CH_DOL_H01_2015-09-29_01,CH_DOL_H01,2015,2015-09-29,92,1731,5.314846909300982,238.06322163763664,22.87050115498545,239.15927186619945,3848.026910321594,127651.14056825676,109322.17985906046,75834.30250204689
CH_DOL_V01_2016-08-11_01,CH_DOL_V01,2016,2016-08-11,56,877,6.385404789053592,123.76854372184964,34.084495724409926,128.3760307215281,1574.3368956120755,357002.0625529513,330397.7420645675,172184.92744954457
IT_CER_CB1_2013-08-16_01,IT_CER_CB1,2013,2013-08-16,107,746,14.343163538873997,63.791840679061394,12.168164600985031,64.9419984831035,440.3888967910869,24274.731147523955,22751.699420975685,5288.591019369061
IT_CER_CB1_2013-10-09_01,IT_CER_CB1,2013,2013-10-09,79,746,10.589812332439678,42.79109884998924,10.826067234830072,44.13934608218173,328.69436769053624,29530.19974176065,26971.920279284728,10052.64816251973
IT_CER_CB1_2014-09-14_01,IT_CER_CB1,2014,2014-09-14,141,746,18.90080428954424,81.62004718532499,16.84168404817669,83.33951298221803,724.0262772288852,19956.06326534596,19551.41815100492,3662.751272736261
IT_CER_CB1_2015-07-21_01,IT_CER_CB1,2015,2015-07-21,132,746,17.694369973190348,74.8216354501428,17.70578446623179,76.88804806339357,748.1732570877987,22456.728468047884,21193.15370516546,4921.317509500802
IT_CER_CB1_2015-08-20_01,IT_CER_CB1,2015,2015-08-20,88,746,11.796246648793566,53.90336122314863,16.21964939539078,56.29075747991533,510.209538688546,22210.70636298826,20723.428808754696,5890.030256138203
IT_CER_CB1_2016-08-24_01,IT_CER_CB1,2016,2016-08-24,130,746,17.42627345844504,78.49962446780012,17.284811937613103,80.3800706973084,727.1047313384549,19518.50792184304,18607.377165515107,3578.196399898153
IT_CER_CB1_2018-08-23_01,IT_CER_CB1,2018,2018-08-23,132,746,17.694369973190348,83.25204255876808,18.893118922623337,85.36892018077376,849.3664971194504,19401.56000178344,18650.73547953199,4152.301879452347
IT_CER_CB1_2021-08-23_01,IT_CER_CB1,2021,2021-08-23,119,746,15.951742627345844,59.23190716903426,16.38557573879057,61.45653683028954,602.7369645575052,18268.85468371783,17922.264575504214,2878.1389888745684
CH_ATT_MV1_2022-10-07_01,CH_ATT_MV1,2022,2022-10-07,194,762,25.45931758530184,99.70951545520684,50.981636489726334,111.987118596215,1941.8463314313308,23345.07207058372,24238.10969949953,4448.42569124874
CH_ATT_MV1_2021-09-24_01,CH_ATT_MV1,2021,2021-09-24,196,762,25.721784776902886,99.70951545520684,50.99170728192456,111.99170363842852,1953.5174238187883,23706.79444579766,24617.064739495778,5511.498353361114
CH_ATT_MV1_2020-09-22_01,CH_ATT_MV1,2020,2020-09-22,129,762,16.929133858267715,81.69057710956653,47.10947859042383,94.30086617606244,1019.1235651027298,37003.38156318661,29393.8549753464,19314.50515730722
CH_ATT_MV1_2019-09-17_01,CH_ATT_MV1,2019,2019-09-17,171,762,22.440944881889763,85.87234539585494,45.576215914842166,97.21754554040808,1466.8922469810989,28589.871349548703,26635.14689004893,7798.305848155121
CH_ATT_MV1_2018-10-15_01,CH_ATT_MV1,2018,2018-10-15,142,762,18.635170603674545,80.3379623749254,37.74272237944421,88.76204870983278,1170.079238663836,31771.66628187217,29047.59629846828,11903.227973953
CH_ATT_MV1_2017-09-25_01,CH_ATT_MV1,2017,2017-09-25,194,762,25.45931758530184,99.70951545520684,50.981636489726334,111.987118596215,1941.8463314313308,25436.40991507353,26233.64675221365,5366.85851781737
CH_ATT_MV1_2016-09-23_01,CH_ATT_MV1,2016,2016-09-23,196,762,25.721784776902886,103.4102832789614,49.5668611671486,114.6758929060438,1948.254331051363,23554.36456013508,24725.09003778106,5034.13902524682
CH_ATT_MV1_2014-09-30_01,CH_ATT_MV1,2014,2014-09-30,124,762,16.27296587926509,84.16265244662743,42.43181513427967,94.25397075158948,977.4318118496444,34868.607072832405,31839.0445745276,17409.58232740172
CH_ATT_MV1_2010-07-14_01,CH_ATT_MV1,2010,2010-07-14,179,762,23.49081364829396,88.72573654134888,46.57552469637976,100.20746392134636,1657.9158619752764,39421.77698896563,37236.88513308424,19676.456074456964
CH_ATT_MV1_2008-11-10_01,CH_ATT_MV1,2008,2008-11-10,169,762,22.178477690288712,85.91056890677537,45.576215914842166,97.25131005288368,1426.4425632660905,32854.55019245693,32784.42094231428,8943.141745442192
CH_ATT_MV1_2008-07-16_01,CH_ATT_MV1,2008,2008-07-16,186,762,24.40944881889764,89.52492977546544,49.94521309257554,102.51457146262084,1740.3342121714106,35716.57511101184,35975.09053885618,8930.414011661856
CH_ATT_MV1_2007-08-25_01,CH_ATT_MV1,2007,2007-08-25,161,762,21.12860892388452,85.87234539585494,43.84270352165542,96.41702316433953,1315.5351057861153,38679.694896312176,32649.49564609083,18289.401472077832
CH_STT_S07_2019-09-12_01,CH_STT_S07,2019,2019-09-12,16,543,2.9465930018416207,10.968526548496271,2.8464833644568657,11.331859608607813,31.87127961218213,51328.56673530232,46606.01933458139,22686.96277998121
CH_DOL_H01_2015-09-29_01,CH_DOL_H01,2015,2015-09-29,63,1731,3.639514731369151,103.77379016040156,21.31878926691489,105.94097554800118,2194.2836360010906,158324.85004810037,127271.70016706656,70511.91625925103
CH_DOL_V01_2016-08-11_01,CH_DOL_V01,2016,2016-08-11,14,877,1.596351197263398,27.34106362576753,7.0185562551314575,28.22753783266818,215.22846246048007,406783.9729094566,399190.64401400497,70209.17329532032
IT_CER_CB1_2013-08-16_01,IT_CER_CB1,2013,2013-08-16,16,746,2.1447721179624666,15.003889711126936,1.559081648932005,15.08467573571594,33.89245734477215,24123.38662898788,23392.009250718023,1980.5776059422344
IT_CER_CB1_2013-10-09_01,IT_CER_CB1,2013,2013-10-09,45,746,6.032171581769437,34.834779311467926,6.6033006871174855,35.45511852530125,144.2811875286579,34096.92004799488,31998.782185889693,7795.301971891795
IT_CER_CB1_2014-09-14_01,IT_CER_CB1,2014,2014-09-14,70,746,9.383378016085793,49.64570546082618,10.826067234830072,50.81239811774453,360.4423611953147,21978.453747695094,21252.615558754896,2623.7789649431256
IT_CER_CB1_2015-07-21_01,IT_CER_CB1,2015,2015-07-21,55,746,7.372654155495979,42.77510242115517,10.826067234830072,44.12383844265338,314.69403909321136,25739.30884495889,25444.705813000543,3305.608856333498
IT_CER_CB1_2015-08-20_01,IT_CER_CB1,2015,2015-08-20,24,746,3.2171581769437,21.605173307072835,6.107243374091138,22.451769089740623,126.4098891985837,27315.17140584114,25885.796034328923,4809.797242027338
IT_CER_CB1_2016-08-24_01,IT_CER_CB1,2016,2016-08-24,56,746,7.506702412868632,45.38784245103663,11.940221109598252,46.9321331552937,323.2534568774636,21624.55789642744,21560.22352470641,2436.594730562622
IT_CER_CB1_2018-08-23_01,IT_CER_CB1,2018,2018-08-23,50,746,6.702412868632708,39.76000263314972,10.716033002033583,41.17877089822795,298.51216758827184,22093.861102296367,21806.437164008064,2815.342829906507
IT_CER_CB1_2021-08-23_01,IT_CER_CB1,2021,2021-08-23,69,746,9.249329758713136,51.175761651357504,12.596025843463156,52.70311610944599,370.0038126490454,19386.834736997986,19160.31649940675,1849.46736754547
CH_ATT_MV1_2022-10-07_01,CH_ATT_MV1,2022,2022-10-07,178,762,23.35958005249344,85.91056890677537,46.57552469637976,97.72361715894924,1642.0050162108296,24399.61652134272,24510.99881287833,3233.0479203355194
CH_ATT_MV1_2021-09-24_01,CH_ATT_MV1,2021,2021-09-24,172,762,22.57217847769029,85.91056890677537,45.164636309004,97.05910685149746,1460.5355699633392,25361.939988724527,25595.46747544192,3987.975953593104
CH_ATT_MV1_2020-09-22_01,CH_ATT_MV1,2020,2020-09-22,25,762,3.2808398950131235,41.32644579319158,19.655036272215145,45.76238163338633,140.2454572233912,52469.856298018094,41674.82993398254,18392.606385578736
CH_ATT_MV1_2019-09-17_01,CH_ATT_MV1,2019,2019-09-17,114,762,14.960629921259844,82.60855110888163,37.27614924741855,90.6293772406306,695.722382851263,31646.576137353968,28536.854879830447,7440.624694329041
CH_ATT_MV1_2018-10-15_01,CH_ATT_MV1,2018,2018-10-15,69,762,9.05511811023622,80.3379623749254,35.918926517751984,88.00203111714295,457.8063742762351,38700.89176819052,38470.66276813828,8788.24188422467
CH_ATT_MV1_2017-09-25_01,CH_ATT_MV1,2017,2017-09-25,176,762,23.097112860892388,85.91056890677537,46.57552469637976,97.72361715894924,1576.7416901474264,26754.37528626584,26794.94421155485,4156.189705857282
CH_ATT_MV1_2016-09-23_01,CH_ATT_MV1,2016,2016-09-23,180,762,23.62204724409449,88.72573654134888,46.57552469637976,100.20746392134636,1716.4182168744658,24661.23746716416,25337.470099384693,3742.8215932693993
CH_ATT_MV1_2014-09-30_01,CH_ATT_MV1,2014,2014-09-30,45,762,5.905511811023622,48.719573082476174,17.667245226713874,51.82401330695628,291.0138995159383,39371.15081582005,36887.20363645876,8599.820775435395
CH_ATT_MV1_2010-07-14_01,CH_ATT_MV1,2010,2010-07-14,116,762,15.223097112860891,80.93724101331388,39.90877661090229,90.24160588900313,749.171651482801,40742.72016598579,38374.728640534086,12728.946302563214
CH_ATT_MV1_2008-11-10_01,CH_ATT_MV1,2008,2008-11-10,150,762,19.68503937007874,85.87234539585494,41.21804676622169,95.25222875611595,1166.1699233393474,34749.640315901524,33602.38971901155,7972.20311314077
CH_ATT_MV1_2008-07-16_01,CH_ATT_MV1,2008,2008-07-16,170,762,22.30971128608924,85.91056890677537,45.164636309004,97.05910685149746,1394.086086141981,37525.18426209568,37382.99066651587,7660.32895284638
CH_ATT_MV1_2007-08-25_01,CH_ATT_MV1,2007,2007-08-25,65,762,8.530183727034121,36.852860798265766,17.44447419065638,40.77306744414541,430.2215886114736,47257.40177775803,44758.11999139868,12827.439382073797
CH_STT_S07_2019-09-12_01,CH_STT_S07,2019,2019-09-12,11,543,2.0257826887661143,10.019239997403927,2.111132561339133,10.239240734406287,22.30428998805373,54523.14775231064,53271.176511904814,23796.55525641851
CH_DOL_H01_2015-09-29_01,CH_DOL_H01,2015,2015-09-29,67,1731,3.870595031773541,111.92592130520148,21.31878926691489,113.93815267865844,2343.2511393890645,153109.8919696161,122550.44294064803,71447.10966280868
CH_DOL_V01_2016-08-11_01,CH_DOL_V01,2016,2016-08-11,14,877,1.596351197263398,27.34106362576753,7.0185562551314575,28.22753783266818,215.22846246048007,406783.9729094566,399190.64401400497,70209.17329532032
IT_CER_CB1_2013-08-16_01,IT_CER_CB1,2013,2013-08-16,17,746,2.278820375335121,16.389738416548905,1.559081648932005,16.463725609683113,38.535839988722174,23899.85529291157,23189.58272423343,2083.801501034163
IT_CER_CB1_2013-10-09_01,IT_CER_CB1,2013,2013-10-09,47,746,6.3002680965147455,34.834779311467926,6.6033006871174855,35.45511852530125,160.49791179936062,33653.72548460132,31897.75544517292,7843.77742519924
IT_CER_CB1_2014-09-14_01,IT_CER_CB1,2014,2014-09-14,76,746,10.187667560321715,50.59663647611215,10.826067234830072,51.74189167849301,379.3613729796033,21646.85240510688,20966.874260773064,2768.8820809257872
IT_CER_CB1_2015-07-21_01,IT_CER_CB1,2015,2015-07-21,62,746,8.310991957104557,45.38784245103663,11.468451263350682,46.81433131787714,334.9601507832231,25132.85384264736,24992.431721145847,3625.625381759631
IT_CER_CB1_2015-08-20_01,IT_CER_CB1,2015,2015-08-20,38,746,5.093833780160858,34.383876665091215,10.716033002033583,36.01505709867578,221.0302568478412,24833.71843583601,23279.486323198034,4990.474537942723
IT_CER_CB1_2016-08-24_01,IT_CER_CB1,2016,2016-08-24,62,746,8.310991957104557,47.926155317139205,12.110048148346303,49.43247545528968,338.8904746301548,21224.94401039842,20921.86450948949,2620.587079571819
IT_CER_CB1_2018-08-23_01,IT_CER_CB1,2018,2018-08-23,54,746,7.238605898123325,42.77510242115517,10.826067234830072,44.12383844265338,309.5551495342034,21767.24428823037,21530.721832507545,2950.918611326641
IT_CER_CB1_2021-08-23_01,IT_CER_CB1,2021,2021-08-23,74,746,9.919571045576408,53.71407451746009,12.596025843463156,55.17120325238926,382.9904214141372,19174.694405095568,18707.15151784553,1948.5049018038503
CH_ATT_MV1_2022-10-07_01,CH_ATT_MV1,2022,2022-10-07,178,762,23.35958005249344,85.91056890677537,46.57552469637976,97.72361715894924,1642.0050162108296,24399.61652134272,24510.99881287833,3233.0479203355194
CH_ATT_MV1_2021-09-24_01,CH_ATT_MV1,2021,2021-09-24,174,762,22.834645669291337,85.91056890677537,46.57552469637976,97.72361715894924,1514.2693650517,25252.61131102313,25557.03008452761,4099.417952619195
CH_ATT_MV1_2020-09-22_01,CH_ATT_MV1,2020,2020-09-22,28,762,3.674540682414698,42.609542676720096,16.265822464611702,45.60866263737074,120.95135540286478,48821.71534385292,40591.69331132416,20489.14721859345
CH_ATT_MV1_2019-09-17_01,CH_ATT_MV1,2019,2019-09-17,144,762,18.89763779527559,84.31824405810913,45.00461551390248,95.57709819092148,982.1500243753144,30430.17313981749,27616.39033415113,7271.053211879114
CH_ATT_MV1_2018-10-15_01,CH_ATT_MV1,2018,2018-10-15,79,762,10.36745406824147,80.3379623749254,35.918926517751984,88.00203111714295,525.0123540397079,38625.012279717404,38317.11916407449,9294.476000262262
CH_ATT_MV1_2017-09-25_01,CH_ATT_MV1,2017,2017-09-25,178,762,23.35958005249344,85.91056890677537,46.57552469637976,97.72361715894924,1642.0050162108296,26626.796705029967,26623.453705163924,4246.212340602287
CH_ATT_MV1_2016-09-23_01,CH_ATT_MV1,2016,2016-09-23,181,762,23.75328083989501,91.96079070474778,46.57552469637976,103.08281393028378,1732.466447768691,24592.95610187772,25318.375466730875,3821.580315109424
CH_ATT_MV1_2014-09-30_01,CH_ATT_MV1,2014,2014-09-30,48,762,6.299212598425197,48.719573082476174,18.34966383549846,52.060608565541536,305.17397654956494,38816.773056624,36771.63957297824,8708.61092884694
CH_ATT_MV1_2010-07-14_01,CH_ATT_MV1,2010,2010-07-14,136,762,17.84776902887139,80.93724101331388,39.90877661090229,90.24160588900313,1000.6576605412312,41589.85871406334,38693.900958113416,16048.216189047824
CH_ATT_MV1_2008-11-10_01,CH_ATT_MV1,2008,2008-11-10,151,762,19.816272965879264,85.87234539585494,41.21804676622169,95.25222875611595,1169.3893179007373,34641.89562164058,33435.02760549792,8020.6168418572515
CH_ATT_MV1_2008-07-16_01,CH_ATT_MV1,2008,2008-07-16,172,762,22.57217847769029,85.91056890677537,46.57552469637976,97.72361715894924,1406.1154792187626,37380.8392601848,37289.05327823668,7776.844595141034
CH_ATT_MV1_2007-08-25_01,CH_ATT_MV1,2007,2007-08-25,71,762,9.317585301837273,37.60339390343651,19.660948782126184,42.43310193787858,482.258493725191,45962.10960762187,42459.11945548415,13099.703424379122
CH_STT_S07_2019-09-12_01,CH_STT_S07,2019,2019-09-12,11,543,2.0257826887661143,10.019239997403929,2.111132561339133,10.239240734406287,22.304289988053732,54523.14775231064,53271.176511904814,23796.55525641851
